flight_number,carrier,origin,destination,dep_time,arr_time,distance,aircraft_type,temp_celsius,wind_speed_knots,precipitation_mm,visibility_miles,dep_delay,arr_delay,is_delayed
AA-1042,AA,JFK,LAX,2026-09-24T08:00:00Z,2026-09-24T11:30:00Z,2475,Boeing 737-800,18.5,12.0,0.0,10.0,0.0,4.0,0
DL-482,DL,ATL,ORD,2026-09-24T09:15:00Z,2026-09-24T10:45:00Z,606,Airbus A320,24.0,18.5,2.5,6.0,35.0,42.0,1
UA-901,UA,SFO,EWR,2026-09-24T10:30:00Z,2026-09-24T18:50:00Z,2565,Boeing 777-200,16.2,8.0,0.0,10.0,-2.0,0.0,0
WN-331,WN,MDW,DEN,2026-09-24T11:00:00Z,2026-09-24T12:35:00Z,895,Boeing 737-700,21.0,24.0,0.0,8.0,18.0,22.0,1
B6-505,B6,BOS,MIA,2026-09-24T13:20:00Z,2026-09-24T16:40:00Z,1258,Airbus A321,22.4,14.0,12.0,4.0,55.0,68.0,1
AA-882,AA,DFW,LAX,2026-09-24T14:00:00Z,2026-09-24T15:20:00Z,1235,Boeing 787-9,28.5,10.5,0.0,10.0,5.0,2.0,0
DL-114,DL,LGA,ATL,2026-09-24T15:45:00Z,2026-09-24T18:15:00Z,762,Boeing 737-900,19.0,16.0,0.0,9.0,12.0,8.0,0
UA-220,UA,ORD,LAX,2026-09-24T17:10:00Z,2026-09-24T19:40:00Z,1744,Boeing 757-200,17.8,29.0,5.0,5.0,48.0,54.0,1
WN-189,WN,DAL,PHX,2026-09-24T18:30:00Z,2026-09-24T19:50:00Z,868,Boeing 737-800,31.0,11.0,0.0,10.0,1.0,-3.0,0
AS-412,AS,SEA,SAN,2026-09-24T19:50:00Z,2026-09-24T22:30:00Z,1050,Boeing 737 MAX 9,14.5,15.0,1.0,8.0,8.0,11.0,0
